--
-- PostgreSQL database dump
--

-- Dumped from database version 11.12 (Ubuntu 11.12-1.pgdg18.04+1)
-- Dumped by pg_dump version 11.12 (Ubuntu 11.12-1.pgdg18.04+1)

SET statement_timeout = 0;
SET lock_timeout = 0;
SET idle_in_transaction_session_timeout = 0;
SET client_encoding = 'UTF8';
SET standard_conforming_strings = on;
SELECT pg_catalog.set_config('search_path', '', false);
SET check_function_bodies = false;
SET xmloption = content;
SET client_min_messages = warning;
SET row_security = off;

--
-- Name: service; Type: SCHEMA; Schema: -; Owner: postgres
--

CREATE SCHEMA service;


ALTER SCHEMA service OWNER TO postgres;

--
-- Name: fnc_get_loc_name_higher_level(text, text, text); Type: FUNCTION; Schema: public; Owner: postgres
--

CREATE FUNCTION public.fnc_get_loc_name_higher_level(low_level_name text, low_level_value text, high_level_name text) RETURNS text
    LANGUAGE plpgsql
    AS $_$
      DECLARE
         result text;
      BEGIN
         EXECUTE FORMAT ('SELECT %I FROM public.mctor_loc_political WHERE service.mctor_loc_political.%I = $1', high_level_name, low_level_name)
         USING low_level_value
         INTO result;
         RETURN result;
      END;
   $_$;


ALTER FUNCTION public.fnc_get_loc_name_higher_level(low_level_name text, low_level_value text, high_level_name text) OWNER TO postgres;

--
-- Name: fnc_get_region_from_town(text); Type: FUNCTION; Schema: public; Owner: postgres
--

CREATE FUNCTION public.fnc_get_region_from_town(low_level_value text) RETURNS text
    LANGUAGE plpgsql
    AS $_$
      DECLARE
         result text;
      BEGIN
         EXECUTE FORMAT ('SELECT fnc_get_loc_name_higher_level(''town'',$1,''region'')')
         USING low_level_value
         INTO result;
         RETURN result;
      END;
   $_$;


ALTER FUNCTION public.fnc_get_region_from_town(low_level_value text) OWNER TO postgres;

--
-- Name: fnc_is_in(text, text, text, text); Type: FUNCTION; Schema: public; Owner: postgres
--

CREATE FUNCTION public.fnc_is_in(low_level_name text, low_level_value text, high_level_name text, high_level_value text) RETURNS boolean
    LANGUAGE plpgsql
    AS $_$
      DECLARE
         compare text;
         result  boolean = 0;
      BEGIN
         EXECUTE FORMAT ('SELECT fnc_get_loc_name_higher_level(''%I'',$1,''%I'')', low_level_name, high_level_name)
         USING low_level_value
         INTO compare;
         
         IF high_level_value = compare THEN
            result = 1;
         end if;
         RETURN result;
      END;
   $_$;


ALTER FUNCTION public.fnc_is_in(low_level_name text, low_level_value text, high_level_name text, high_level_value text) OWNER TO postgres;

-------------------------------------------
--new function

CREATE FUNCTION public.fnc_get_samples_from_location(loc_name text) RETURNS TABLE (sample int)
    LANGUAGE plpgsql
    AS $_$
      DECLARE
        id_loc int;
      BEGIN
         EXECUTE FORMAT ('SELECT id_location FROM public.mctor_locations WHERE level_value = $1')
         USING loc_name
         INTO id_loc;
         RETURN QUERY SELECT id_sample FROM public.mctor_samples WHERE id_location = id_loc;
      END;
   $_$;


ALTER FUNCTION public.fnc_get_samples_from_location(low_level_name text, low_level_value text, high_level_name text, high_level_value text) OWNER TO postgres;
-------------------------------------------
-------------------------------------------
--new function

CREATE FUNCTION public.fnc_get_samples_from_team(team_name text) RETURNS TABLE (sample int)
    LANGUAGE plpgsql
    AS $_$
      DECLARE
        id_team int;
      BEGIN
         EXECUTE FORMAT ('SELECT id_analysis FROM public.mctor_an_meta WHERE team = $1')
         USING team_name
         INTO id_team;
         RETURN QUERY SELECT id_sample FROM public.mctor_an_pb_isotopes WHERE id_analysis = id_team;
      END;
   $_$;


ALTER FUNCTION public.fnc_get_samples_from_team(low_level_name text, low_level_value text, high_level_name text, high_level_value text) OWNER TO postgres;
------------------------------------------------




SET default_tablespace = '';

SET default_with_oids = false;

--
-- Name: mctor_an_meta; Type: TABLE; Schema: public; Owner: postgres
--

CREATE TABLE public.mctor_an_meta (
    id_analysis integer,
    technique text,
    period date,
    team text,
    reliability integer
);


ALTER TABLE public.mctor_an_meta OWNER TO postgres;

--
-- Name: mctor_an_pb_isotopes; Type: TABLE; Schema: public; Owner: postgres
--

CREATE TABLE public.mctor_an_pb_isotopes (
    id_sample integer,
    id_analysis integer,
    pb_iso_208_206 double precision,
    pb_iso_207_206 double precision,
    pb_iso_206_204 double precision,
    pb_iso_208_206_err double precision,
    pb_iso_207_206_err double precision,
    pb_iso_206_204_err double precision
);


ALTER TABLE public.mctor_an_pb_isotopes OWNER TO postgres;

--
-- Name: mctor_loc_archaeological; Type: TABLE; Schema: public; Owner: postgres
--

CREATE TABLE public.mctor_loc_archaeological (
    level_code integer,
    stratigraphy text,
    archaeological_site text,
    level_code_political integer,
    level_values_political text[],
    latitude double precision,
    longitude double precision
);


ALTER TABLE public.mctor_loc_archaeological OWNER TO postgres;

--
-- Name: mctor_loc_hierarchy; Type: TABLE; Schema: public; Owner: postgres
--

CREATE TABLE public.mctor_loc_hierarchy (
    level_code integer,
    level_name text,
    loc_tab_name text
);


ALTER TABLE public.mctor_loc_hierarchy OWNER TO postgres;

--
-- Name: mctor_loc_mineral; Type: TABLE; Schema: public; Owner: postgres
--

CREATE TABLE public.mctor_loc_mineral (
    level_code integer,
    extraction_site text,
    mine text,
    mining_area text,
    level_code_political integer,
    level_values_political text[],
    latitude double precision,
    longitude double precision
);


ALTER TABLE public.mctor_loc_mineral OWNER TO postgres;

--
-- Name: mctor_loc_political; Type: TABLE; Schema: public; Owner: postgres
--

CREATE TABLE public.mctor_loc_political (
    level_code integer,
    hamlet text,
    town text,
    province text,
    region text,
    country text,
    continent text,
    latitude double precision,
    longitude double precision
);


ALTER TABLE public.mctor_loc_political OWNER TO postgres;

--
-- Name: mctor_locations; Type: TABLE; Schema: public; Owner: postgres
--

CREATE TABLE public.mctor_locations (
    id_location integer,
    level_code integer,
    level_value text,
    latitude double precision DEFAULT 1000.0,
    longitude double precision DEFAULT 1000.0,
    zoom_on_map integer
);


ALTER TABLE public.mctor_locations OWNER TO postgres;

--
-- Name: mctor_samples; Type: TABLE; Schema: public; Owner: postgres
--

CREATE TABLE public.mctor_samples (
    id_sample integer,
    id_location integer,
    type character(1)
);


ALTER TABLE public.mctor_samples OWNER TO postgres;

--
-- Data for Name: mctor_an_meta; Type: TABLE DATA; Schema: public; Owner: postgres
--

COPY public.mctor_an_meta (id_analysis, technique, period, team, reliability) FROM stdin;
0	\N	\N	Lattanzi	\N
1	\N	\N	NHG	\N
2	\N	\N	SSG	\N
3	\N	\N	*****	\N
4	\N	\N	NHG/SSG	\N
5	\N	\N	C. Moretti	\N
6	\N	\N	Tylecote	\N
7	\N	\N	SSG/NHG	\N
8	\N	\N	Lo Schiavo/NHG	\N
9	\N	\N	Lo Schiavo	\N
10	\N	\N	Zwicker	\N
11	\N	\N	BM NH	\N
\.


--
-- Data for Name: mctor_an_pb_isotopes; Type: TABLE DATA; Schema: public; Owner: postgres
--

COPY public.mctor_an_pb_isotopes (id_sample, id_analysis, pb_iso_208_206, pb_iso_207_206, pb_iso_206_204, pb_iso_208_206_err, pb_iso_207_206_err, pb_iso_206_204_err) FROM stdin;
0	0	2.07966000000000006	0.83660000000000001	18.7677000000000014	\N	\N	\N
1	0	2.08117000000000019	0.836870000000000003	18.7789999999999999	\N	\N	\N
2	0	2.07968999999999982	0.837500000000000022	18.7426999999999992	\N	\N	\N
3	0	2.07989099999999993	0.837400000000000033	18.7379999999999995	\N	\N	\N
4	0	2.08171999999999979	0.837879999999999958	18.761099999999999	\N	\N	\N
5	0	2.07994000000000012	0.837559999999999971	18.7349999999999994	\N	\N	\N
6	0	2.07878000000000007	0.837300000000000044	18.7407000000000004	\N	\N	\N
7	0	2.08395999999999981	0.838149999999999951	18.7880000000000003	\N	\N	\N
8	0	2.07936999999999994	0.837489999999999957	18.7435000000000009	\N	\N	\N
9	0	2.0792799999999998	0.837450000000000028	18.7447000000000017	\N	\N	\N
10	1	2.12074000000000007	0.874160000000000048	17.8500000000000014	\N	\N	\N
11	1	2.12297000000000002	0.875090000000000034	17.8509999999999991	\N	\N	\N
12	1	2.11701000000000006	0.870650000000000035	17.9469999999999992	\N	\N	\N
13	1	2.10334000000000021	0.860600000000000032	18.1439999999999984	\N	\N	\N
14	1	2.09880000000000022	0.855550000000000033	18.2699999999999996	\N	\N	\N
15	1	2.10682999999999998	0.856670000000000043	18.3099999999999987	\N	\N	\N
16	1	2.10564000000000018	0.856090000000000018	18.2779999999999987	\N	\N	\N
17	1	2.10624000000000011	0.857580000000000009	18.2330000000000005	\N	\N	\N
18	1	2.09940000000000015	0.85794999999999999	18.2240000000000002	\N	\N	\N
19	1	2.12175000000000002	0.874659999999999993	17.847999999999999	\N	\N	\N
20	2	2.08714999999999984	0.844740000000000046	18.5380000000000003	\N	\N	\N
21	2	2.08924999999999983	0.846940000000000026	18.4975999999999985	\N	\N	\N
22	2	2.09437000000000006	0.851689999999999947	18.3973000000000013	\N	\N	\N
23	3	2.08574999999999999	0.843639999999999946	18.5399999999999991	\N	\N	\N
24	2	2.09004000000000012	0.845239999999999991	18.5330000000000013	\N	\N	\N
25	2	2.08951999999999982	0.844940000000000024	18.5328000000000017	\N	\N	\N
26	2	2.08883000000000019	0.845069999999999988	18.529679999999999	\N	\N	\N
27	2	2.08095000000000008	0.843639999999999946	18.5934999999999988	\N	\N	\N
28	2	2.07222999999999979	0.838090000000000002	18.7070000000000007	\N	\N	\N
29	2	2.08760000000000012	0.84428000000000003	18.5485000000000007	\N	\N	\N
30	2	2.08853	0.844489999999999963	18.5508999999999986	\N	\N	\N
31	2	2.08030999999999988	0.841620000000000035	18.6050000000000004	\N	\N	\N
32	2	2.08641999999999994	0.844520000000000048	18.5299000000000014	\N	\N	\N
33	2	2.09175000000000022	0.848940000000000028	18.4737699999999982	\N	\N	\N
34	2	2.08795000000000019	0.844929999999999959	18.5174899999999987	\N	\N	\N
35	2	2.07225999999999999	0.838659999999999961	18.6920000000000002	\N	\N	\N
36	2	2.08552999999999988	0.843849999999999989	18.5380000000000003	\N	\N	\N
37	2	2.09009	0.844840000000000035	18.5498800000000017	\N	\N	\N
38	2	2.08667999999999987	0.844369999999999954	18.5360000000000014	\N	\N	\N
39	4	2.08289999999999997	0.843049999999999966	18.5259999999999998	\N	\N	\N
40	4	2.09189999999999987	0.844160000000000021	18.5629999999999988	\N	\N	\N
41	4	2.0843799999999999	0.842550000000000021	18.5966999999999985	\N	\N	\N
42	4	2.08822999999999981	0.843310000000000004	18.6305000000000014	\N	\N	\N
43	4	2.08436999999999983	0.842550000000000021	18.5940000000000012	\N	\N	\N
44	4	2.08579999999999988	0.843389999999999973	18.5350000000000001	\N	\N	\N
45	4	2.08210000000000006	0.842289999999999983	18.5700000000000003	\N	\N	\N
46	4	2.08869000000000016	0.843949999999999978	18.5759000000000007	\N	\N	\N
47	4	2.08889000000000014	0.843990000000000018	18.5760000000000005	\N	\N	\N
48	4	2.08876000000000017	0.843929999999999958	18.5730000000000004	\N	\N	\N
49	5	2.10456000000000021	0.857119999999999993	18.3314899999999987	\N	\N	\N
50	5	2.10410999999999992	0.857090000000000019	18.339500000000001	\N	\N	\N
51	1	2.09643999999999986	0.85524	18.286999999999999	\N	\N	\N
52	6	2.09233000000000002	0.854060000000000041	18.3030000000000008	\N	\N	\N
53	1	2.10775999999999986	0.85694999999999999	18.3649999999999984	\N	\N	\N
54	1	2.09108999999999989	0.852729999999999988	18.3490000000000002	\N	\N	\N
55	1	2.10255999999999998	0.857389999999999985	18.3569999999999993	\N	\N	\N
56	6	2.09229999999999983	0.855949999999999989	18.3039999999999985	\N	\N	\N
57	7	2.07397000000000009	0.843670000000000031	18.504999999999999	\N	\N	\N
58	8	2.08185999999999982	0.842979999999999952	18.5010000000000012	\N	\N	\N
59	8	2.09294000000000002	0.846130000000000049	18.5590000000000011	\N	\N	\N
60	8	2.08897000000000022	0.845260000000000011	18.4939999999999998	\N	\N	\N
61	9	2.12616000000000005	0.875110000000000054	17.9100000000000001	\N	\N	\N
62	9	2.11811999999999978	0.870600000000000041	17.968	\N	\N	\N
63	6	2.09377000000000013	0.854339999999999988	18.3449999999999989	\N	\N	\N
64	4	2.12516000000000016	0.874809999999999977	17.9080000000000013	\N	\N	\N
65	4	2.11026999999999987	0.864099999999999979	18.1000000000000014	\N	\N	\N
66	4	2.10933200000000021	0.862840000000000051	18.1346489999999996	\N	\N	\N
67	10	2.0924100000000001	0.854530000000000012	18.3129999999999988	\N	\N	\N
68	4	2.10236000000000001	0.855299999999999949	19.5309999999999988	\N	\N	\N
69	10	2.09319999999999995	0.854720000000000035	18.3049999999999997	\N	\N	\N
70	1	2.09582999999999986	0.846570000000000045	18.4909999999999997	\N	\N	\N
71	1	2.09292999999999996	0.85141	18.282	\N	\N	\N
72	1	2.08031999999999995	0.844609999999999972	18.4770000000000003	\N	\N	\N
73	1	2.09907000000000021	0.859249999999999958	18.1110000000000007	\N	\N	\N
74	1	2.12251000000000012	0.873639999999999972	17.9110000000000014	\N	\N	\N
75	1	2.09636999999999984	0.852119999999999989	18.3870000000000005	\N	\N	\N
76	1	2.09846000000000021	0.852970000000000006	18.4050000000000011	\N	\N	\N
77	1	2.09663000000000022	0.852849999999999997	18.3320000000000007	\N	\N	\N
78	1	2.09596999999999989	0.852960000000000051	18.3249999999999993	\N	\N	\N
79	1	2.09629999999999983	0.848690000000000055	18.4699999999999989	\N	\N	\N
80	6	2.10461000000000009	0.856040000000000023	18.3619999999999983	\N	\N	\N
81	6	2.09410000000000007	0.853299999999999947	18.4009999999999998	\N	\N	\N
82	1	2.11859999999999982	0.868129999999999957	18.0820000000000007	\N	\N	\N
83	6	2.09255000000000013	0.850049999999999972	18.4370000000000012	\N	\N	\N
84	6	2.11024000000000012	0.865389999999999993	18.0919999999999987	\N	\N	\N
85	1	2.1009500000000001	0.859369999999999967	18.1950000000000003	\N	\N	\N
86	1	2.10410999999999992	0.859779999999999989	18.2319999999999993	\N	\N	\N
87	1	2.10559999999999992	0.86012999999999995	18.2349999999999994	\N	\N	\N
88	1	2.10557000000000016	0.859909999999999952	18.222999999999999	\N	\N	\N
89	1	2.10524999999999984	0.859219999999999984	18.2049999999999983	\N	\N	\N
90	1	2.10551000000000021	0.860199999999999965	18.1789999999999985	\N	\N	\N
91	1	2.10698000000000008	0.860280000000000045	18.2079999999999984	\N	\N	\N
92	4	2.10538999999999987	0.860110000000000041	18.1700000000000017	\N	\N	\N
93	4	2.10729999999999995	0.860569999999999946	18.2029999999999994	\N	\N	\N
94	4	2.11118000000000006	0.863729999999999998	18.1359999999999992	\N	\N	\N
95	4	2.10633999999999988	0.862569999999999948	18.0970000000000013	\N	\N	\N
96	4	2.10612999999999984	0.863349999999999951	18.0829999999999984	\N	\N	\N
97	4	2.10698000000000008	0.860280000000000045	18.2079999999999984	\N	\N	\N
98	4	2.11160000000000014	0.864219999999999988	18.1050000000000004	\N	\N	\N
99	4	2.10782999999999987	0.863410000000000011	18.1069999999999993	\N	\N	\N
100	1	2.09894999999999987	0.856759999999999966	18.2540000000000013	\N	\N	\N
101	1	2.09757999999999978	0.857369999999999965	18.1969999999999992	\N	\N	\N
102	1	2.10325000000000006	0.858700000000000019	18.2139999999999986	\N	\N	\N
103	10	2.10377999999999998	0.861959999999999948	18.1030000000000015	\N	\N	\N
104	10	2.09860999999999986	0.857729999999999992	18.2119999999999997	\N	\N	\N
105	10	2.09501999999999988	0.855990000000000029	18.2029999999999994	\N	\N	\N
106	10	2.10003999999999991	0.858079999999999954	18.2250000000000014	\N	\N	\N
107	10	2.10178999999999983	0.858140000000000014	18.2439999999999998	\N	\N	\N
108	10	2.09412999999999982	0.854480000000000017	18.2929999999999993	\N	\N	\N
109	10	2.10016999999999987	0.857319999999999971	18.2360000000000007	\N	\N	\N
110	10	2.10354999999999981	0.859190000000000009	18.2429999999999986	\N	\N	\N
111	6	2.09932000000000007	0.857119999999999993	18.2480000000000011	\N	\N	\N
112	4	2.09782000000000002	0.855820000000000025	18.2800000000000011	\N	\N	\N
113	4	2.10085999999999995	0.856190000000000007	18.3030000000000008	\N	\N	\N
114	4	2.10011999999999999	0.856110000000000038	18.2899999999999991	\N	\N	\N
115	4	2.1000700000000001	0.856190000000000007	18.2959999999999994	\N	\N	\N
116	4	2.10153999999999996	0.856369999999999965	18.3000000000000007	\N	\N	\N
117	4	2.10156000000000009	0.856349999999999945	18.3240000000000016	\N	\N	\N
118	4	2.10497999999999985	0.858129999999999948	18.3210000000000015	\N	\N	\N
119	4	2.1031200000000001	0.857339999999999991	18.2699999999999996	\N	\N	\N
120	4	2.10046199999999983	0.856179000000000023	18.3122959999999999	\N	\N	\N
121	4	2.09996800000000006	0.856133000000000033	18.3103179999999988	\N	\N	\N
122	4	2.10098999999999991	0.856219999999999981	18.3170000000000002	\N	\N	\N
123	1	2.0961599999999998	0.847849999999999993	18.4520000000000017	\N	\N	\N
124	1	2.09868999999999994	0.848369999999999957	18.4750000000000014	\N	\N	\N
125	1	2.09901999999999989	0.848180000000000045	18.4750000000000014	\N	\N	\N
126	1	2.09915999999999991	0.848319999999999963	18.4800000000000004	\N	\N	\N
127	1	2.10098999999999991	0.84872000000000003	18.4969999999999999	\N	\N	\N
128	1	2.10392199999999985	0.85944100000000001	18.2477289999999996	\N	\N	\N
129	1	2.10528499999999985	0.859840999999999966	18.2528669999999984	\N	\N	\N
130	1	2.10004999999999997	0.848580000000000001	18.4909999999999997	\N	\N	\N
131	1	2.10191000000000017	0.848879999999999968	18.5040000000000013	\N	\N	\N
132	6	2.08998999999999979	849	18.4200000000000017	\N	\N	\N
133	4	2.0727199999999999	0.83718999999999999	18.6750000000000007	\N	\N	\N
134	4	2.07475999999999994	0.837160000000000015	18.7152799999999999	\N	\N	\N
135	4	2.07358999999999982	0.837300000000000044	18.6759999999999984	\N	\N	\N
136	4	2.07523599999999986	0.837180000000000035	18.7230999999999987	\N	\N	\N
137	4	2.07471000000000005	0.837110000000000021	18.7175000000000011	\N	\N	\N
138	4	2.0777899999999998	0.837709999999999955	18.7423000000000002	\N	\N	\N
139	4	2.07474999999999987	0.837099999999999955	18.7134999999999998	\N	\N	\N
140	4	2.07765999999999984	0.837570000000000037	18.7410999999999994	\N	\N	\N
141	4	2.07638100000000003	0.83738900000000005	18.729099999999999	\N	\N	\N
142	4	2.07520799999999994	0.837212999999999985	18.7232999999999983	\N	\N	\N
143	4	2.0667399999999998	0.833740000000000037	18.8090000000000011	\N	\N	\N
144	4	2.06504000000000021	0.83305499999999999	18.8205999999999989	\N	\N	\N
145	4	2.06629400000000008	0.83391000000000004	18.7956000000000003	\N	\N	\N
146	4	2.06635999999999997	0.833624000000000032	18.8043000000000013	\N	\N	\N
147	4	2.06637000000000004	0.833560999999999996	18.8066999999999993	\N	\N	\N
148	4	2.06730999999999998	0.833929999999999949	18.8074000000000012	\N	\N	\N
149	4	2.06251700000000016	0.832022000000000039	18.8415999999999997	\N	\N	\N
150	4	2.07269000000000014	0.835339999999999971	18.8203999999999994	\N	\N	\N
151	4	2.06571000000000016	0.835400000000000031	18.7149999999999999	\N	\N	\N
152	4	2.06461000000000006	0.834559999999999969	18.7049999999999983	\N	\N	\N
153	4	2.07315000000000005	0.837480000000000002	18.6900000000000013	\N	\N	\N
154	4	2.10894000000000004	0.862840000000000051	18.1359999999999992	\N	\N	\N
155	4	2.11370000000000013	0.864600000000000035	18.1649999999999991	\N	\N	\N
156	4	2.10799000000000003	0.863110000000000044	18.1239999999999988	\N	\N	\N
157	4	2.11063000000000001	0.864187000000000038	18.1078550000000007	\N	\N	\N
158	4	2.10618000000000016	0.862759999999999971	18.1050000000000004	\N	\N	\N
159	4	2.11640199999999989	0.866295999999999955	18.0925000000000011	\N	\N	\N
160	4	2.1100500000000002	0.865360000000000018	18.0590000000000011	\N	\N	\N
161	4	2.1171000000000002	0.866600000000000037	18.0949999999999989	\N	\N	\N
162	4	2.10625000000000018	0.863339999999999996	18.1030000000000015	\N	\N	\N
163	4	2.11195699999999986	0.864183999999999952	18.1478000000000002	\N	\N	\N
164	4	2.10937000000000019	0.864179999999999948	18.1230000000000011	\N	\N	\N
165	1	2.12334999999999985	0.870859999999999967	18.0229999999999997	\N	\N	\N
166	1	2.12010999999999994	0.871260000000000034	17.9840000000000018	\N	\N	\N
167	1	2.11766999999999994	0.870979999999999976	17.9520000000000017	\N	\N	\N
168	1	2.11931000000000003	0.873569999999999958	17.879999999999999	\N	\N	\N
169	1	2.12049999999999983	0.873870000000000036	17.8889999999999993	\N	\N	\N
170	1	2.12268999999999997	0.874210000000000043	17.9089999999999989	\N	\N	\N
171	1	2.12304000000000004	0.874360000000000026	17.8979999999999997	\N	\N	\N
172	1	2.12630000000000008	0.874680000000000013	17.9209999999999994	\N	\N	\N
173	1	2.11009000000000002	0.863119999999999998	18.1789999999999985	\N	\N	\N
174	1	2.10533700000000001	0.858770000000000033	18.2332000000000001	\N	\N	\N
175	1	2.1009199999999999	0.85853999999999997	18.2139999999999986	\N	\N	\N
176	1	2.10246000000000022	0.858430000000000026	18.2289999999999992	\N	\N	\N
177	1	2.10960999999999999	0.863789999999999947	18.1310000000000002	\N	\N	\N
178	1	2.10715399999999997	0.859369999999999967	18.2515999999999998	\N	\N	\N
179	1	2.10366000000000009	0.858750000000000013	18.2510000000000012	\N	\N	\N
180	1	2.10255999999999998	0.858859999999999957	18.2310000000000016	\N	\N	\N
181	1	2.10411999999999999	0.860140000000000016	18.2238000000000007	\N	\N	\N
182	1	2.10297000000000001	0.858450000000000046	18.2519999999999989	\N	\N	\N
183	1	2.10437900000000022	0.858979999999999966	18.2519999999999989	\N	\N	\N
184	1	2.10326000000000013	0.858959999999999946	18.254999999999999	\N	\N	\N
185	1	2.10360000000000014	0.858959999999999946	18.2409999999999997	\N	\N	\N
186	1	2.10155000000000003	0.858859999999999957	18.2600000000000016	\N	\N	\N
187	1	2.10381699999999983	0.85907	18.2319800000000001	\N	\N	\N
188	1	2.10677599999999998	0.860659999999999981	18.2084399999999995	\N	\N	\N
189	1	2.10716999999999999	0.862650000000000028	18.129999999999999	\N	\N	\N
190	1	2.10897999999999985	0.862789999999999946	18.1580000000000013	\N	\N	\N
191	1	2.10695999999999994	0.860859999999999959	18.2133000000000003	\N	\N	\N
192	1	2.10388000000000019	0.859299999999999953	18.2160000000000011	\N	\N	\N
193	1	2.10383999999999993	0.859230000000000049	18.2240000000000002	\N	\N	\N
194	1	2.10307999999999984	0.86012999999999995	18.2089999999999996	\N	\N	\N
195	1	2.10476999999999981	0.86077999999999999	18.2409999999999997	\N	\N	\N
196	1	2.10575000000000001	0.85954699999999995	18.2504150000000003	\N	\N	\N
197	1	2.10936000000000012	0.863639999999999963	18.1400000000000006	\N	\N	\N
198	1	2.10429600000000017	0.85963999999999996	18.2070000000000007	\N	\N	\N
199	4	2.11736000000000013	0.867909999999999959	18.0749999999999993	\N	\N	\N
200	4	2.12148000000000003	0.869530000000000025	18.0620000000000012	\N	\N	\N
201	4	2.11935999999999991	0.869099999999999984	18.0440000000000005	\N	\N	\N
202	11	2.12187999999999999	0.874419999999999975	17.9149999999999991	\N	\N	\N
203	1	2.12225000000000019	0.874240000000000017	17.8850000000000016	\N	\N	\N
204	1	2.12254999999999994	0.87455000000000005	17.8900000000000006	\N	\N	\N
205	4	2.11522999999999994	0.868369999999999975	18.0060000000000002	\N	\N	\N
206	4	2.1094400000000002	0.862779999999999991	18.1389999999999993	\N	\N	\N
207	4	2.11098000000000008	0.862639999999999962	18.1589999999999989	\N	\N	\N
208	4	2.10853000000000002	0.862280000000000046	18.1559999999999988	\N	\N	\N
209	10	2.12306000000000017	0.874340000000000006	17.8949999999999996	\N	\N	\N
210	4	2.12304000000000004	0.874009999999999954	17.9029999999999987	\N	\N	\N
211	4	2.12024999999999997	0.874059999999999948	17.8689999999999998	\N	\N	\N
212	4	2.1245099999999999	0.874650000000000039	17.8999999999999986	\N	\N	\N
213	4	2.11870000000000003	0.873669999999999947	17.8670000000000009	\N	\N	\N
214	4	2.11512000000000011	0.868900000000000006	18.0060000000000002	\N	\N	\N
215	4	2.11947000000000019	0.873770000000000047	17.870000000000001	\N	\N	\N
216	1	2.10206999999999988	0.856700000000000017	18.2719999999999985	\N	\N	\N
217	1	2.10016999999999987	0.856480000000000019	18.2650000000000006	\N	\N	\N
218	1	2.10327999999999982	0.85699000000000003	18.277000000000001	\N	\N	\N
219	1	2.10950000000000015	0.863770000000000038	18.1140000000000008	\N	\N	\N
220	1	2.11230999999999991	0.863759999999999972	18.157	\N	\N	\N
221	1	2.1103200000000002	0.86397999999999997	18.1170000000000009	\N	\N	\N
222	1	2.10957999999999979	0.864310000000000023	18.1000000000000014	\N	\N	\N
223	1	2.11168999999999984	0.864149999999999974	18.1179999999999986	\N	\N	\N
224	1	2.11604999999999999	0.870630000000000015	17.9460000000000015	\N	\N	\N
225	1	2.12767999999999979	0.874120000000000008	17.9259999999999984	\N	\N	\N
226	1	2.11833999999999989	0.872689999999999966	17.8999999999999986	\N	\N	\N
227	1	2.1213700000000002	0.873009999999999953	17.9209999999999994	\N	\N	\N
228	4	2.09840999999999989	0.852890000000000037	18.3769999999999989	\N	\N	\N
229	4	2.10050999999999988	0.853319999999999967	18.3949999999999996	\N	\N	\N
230	1	2.10022999999999982	0.858920000000000017	18.1960000000000015	\N	\N	\N
231	1	2.10297000000000001	0.859500000000000042	18.2319999999999993	\N	\N	\N
232	1	2.10483999999999982	0.859589999999999965	18.2059999999999995	\N	\N	\N
233	1	2.10476999999999981	0.859559999999999991	18.2289999999999992	\N	\N	\N
234	1	2.1044299999999998	0.859489999999999976	18.2270000000000003	\N	\N	\N
235	1	2.10510000000000019	0.85963999999999996	18.2109999999999985	\N	\N	\N
236	1	2.10656599999999994	0.860067000000000026	18.2643389999999997	\N	\N	\N
237	1	2.10406000000000004	0.859469999999999956	18.2049999999999983	\N	\N	\N
238	1	2.10482000000000014	0.859630000000000005	18.213000000000001	\N	\N	\N
239	4	2.10075000000000012	0.857689999999999952	18.245000000000001	\N	\N	\N
240	4	2.1043400000000001	0.85855999999999999	18.2429999999999986	\N	\N	\N
241	4	2.09860999999999986	0.857380000000000031	18.2369999999999983	\N	\N	\N
242	4	2.09962999999999989	0.857689999999999952	18.2469999999999999	\N	\N	\N
243	4	2.10239999999999982	0.85799000000000003	18.2590000000000003	\N	\N	\N
244	4	2.09913999999999978	0.857400000000000051	18.2459999999999987	\N	\N	\N
245	4	2.10060000000000002	0.857049999999999979	18.3150000000000013	\N	\N	\N
246	4	2.10272000000000014	0.858140000000000014	18.2830000000000013	\N	\N	\N
247	4	2.10182000000000002	0.85801000000000005	18.277000000000001	\N	\N	\N
248	4	2.10162700000000013	0.85785100000000003	18.2765650000000015	\N	\N	\N
249	4	2.10170199999999996	0.857878999999999947	18.2779239999999987	\N	\N	\N
250	10	2.0973799999999998	0.857790000000000052	18.2199999999999989	\N	\N	\N
251	10	2.09563999999999995	0.856129999999999947	18.2469999999999999	\N	\N	\N
252	10	2.09737000000000018	0.856979999999999964	18.2899999999999991	\N	\N	\N
253	10	2.10101000000000004	0.858219999999999983	18.2210000000000001	\N	\N	\N
254	10	2.09893999999999981	0.856670000000000043	18.2880000000000003	\N	\N	\N
255	1	2.09804000000000013	0.857240000000000002	18.2319999999999993	\N	\N	\N
256	1	2.10014000000000012	0.857670000000000043	18.25	\N	\N	\N
257	1	2.10203000000000007	0.858114999999999961	18.2734880000000004	\N	\N	\N
258	1	2.10138399999999992	0.858026999999999984	18.2704130000000013	\N	\N	\N
259	1	2.10877999999999988	0.85843400000000003	18.280735	\N	\N	\N
260	4	2.0841400000000001	0.83772000000000002	18.7330000000000005	\N	\N	\N
261	4	2.0849000000000002	0.837990000000000013	18.7390000000000008	\N	\N	\N
262	4	2.08532999999999991	0.837890000000000024	18.7429999999999986	\N	\N	\N
263	4	2.08422000000000018	0.837790000000000035	18.7280000000000015	\N	\N	\N
264	4	2.08003999999999989	0.836960000000000037	18.7800000000000011	\N	\N	\N
265	4	2.07940000000000014	0.836699999999999999	18.7560000000000002	\N	\N	\N
266	4	2.07808999999999999	0.836350000000000038	18.7579999999999991	\N	\N	\N
267	4	2.07920999999999978	0.83662000000000003	18.7630000000000017	\N	\N	\N
268	4	2.07848999999999995	0.836609999999999965	18.7530000000000001	\N	\N	\N
269	4	2.07771999999999979	0.836450000000000027	18.7459999999999987	\N	\N	\N
270	4	2.07840999999999987	0.836260000000000003	18.7609999999999992	\N	\N	\N
271	4	2.07803000000000004	0.836420000000000052	18.7489999999999988	\N	\N	\N
272	4	2.07945000000000002	0.837040000000000006	18.7409999999999997	\N	\N	\N
273	4	2.0783999999999998	0.836529999999999996	18.75	\N	\N	\N
274	4	2.08160999999999996	0.836810000000000054	18.7880000000000003	\N	\N	\N
275	4	2.0794100000000002	0.836810000000000054	18.7519999999999989	\N	\N	\N
276	4	2.08428000000000013	0.83774000000000004	18.6920000000000002	\N	\N	\N
277	4	2.08456000000000019	0.837910000000000044	18.7059999999999995	\N	\N	\N
278	4	2.08508000000000004	0.838040000000000007	18.7310000000000016	\N	\N	\N
279	4	2.08442000000000016	0.837979999999999947	18.7369999999999983	\N	\N	\N
280	4	2.08560999999999996	0.837929999999999953	18.7429999999999986	\N	\N	\N
281	4	2.08448000000000011	0.837820000000000009	18.7310000000000016	\N	\N	\N
282	4	2.08320000000000016	0.837620000000000031	18.6980000000000004	\N	\N	\N
283	4	2.08402000000000021	0.837840000000000029	18.7210000000000001	\N	\N	\N
284	4	2.08610000000000007	0.838130000000000042	18.7579999999999991	\N	\N	\N
285	4	2.0830700000000002	0.836919999999999997	18.7579999999999991	\N	\N	\N
286	4	2.08220999999999989	0.836589999999999945	18.7560000000000002	\N	\N	\N
287	4	2.0825800000000001	0.836659999999999959	18.7570000000000014	\N	\N	\N
288	4	2.08539999999999992	0.837090000000000001	18.7880000000000003	\N	\N	\N
289	4	2.08206999999999987	0.836650000000000005	18.7560000000000002	\N	\N	\N
290	4	2.08180999999999994	0.836709999999999954	18.7530000000000001	\N	\N	\N
291	4	2.08631000000000011	0.837509999999999977	18.8150000000000013	\N	\N	\N
292	4	2.0844999999999998	0.837139999999999995	18.7749999999999986	\N	\N	\N
293	4	2.08339000000000008	0.836759999999999948	18.7740000000000009	\N	\N	\N
294	4	2.08641999999999994	0.837629999999999986	18.7839999999999989	\N	\N	\N
295	4	2.08647999999999989	0.837650000000000006	18.7749999999999986	\N	\N	\N
296	4	2.08718000000000004	0.856750000000000012	18.1439999999999984	\N	\N	\N
297	4	2.09027999999999992	0.861380000000000035	17.9939999999999998	\N	\N	\N
298	4	2.09095999999999993	0.861210000000000031	18.0040000000000013	\N	\N	\N
\.


--
-- Data for Name: mctor_loc_archaeological; Type: TABLE DATA; Schema: public; Owner: postgres
--

COPY public.mctor_loc_archaeological (level_code, stratigraphy, archaeological_site, level_code_political, level_values_political, latitude, longitude) FROM stdin;
\.


--
-- Data for Name: mctor_loc_hierarchy; Type: TABLE DATA; Schema: public; Owner: postgres
--

COPY public.mctor_loc_hierarchy (level_code, level_name, loc_tab_name) FROM stdin;
200	hamlet	mctor_loc_political
300	town	mctor_loc_political
400	province	mctor_loc_political
500	region	mctor_loc_political
600	country	mctor_loc_political
700	continent	mctor_loc_political
\.


--
-- Data for Name: mctor_loc_mineral; Type: TABLE DATA; Schema: public; Owner: postgres
--

COPY public.mctor_loc_mineral (level_code, extraction_site, mine, mining_area, level_code_political, level_values_political, latitude, longitude) FROM stdin;
\.


--
-- Data for Name: mctor_loc_political; Type: TABLE DATA; Schema: public; Owner: postgres
--

COPY public.mctor_loc_political (level_code, hamlet, town, province, region, country, continent, latitude, longitude) FROM stdin;
\N	\N	Isola del Giglio (GR)	\N	Tuscany	Italy	Europe	\N	\N
\N	\N	Iglesias (SU)	\N	Sardinia	Italy	Europe	\N	\N
\N	\N	Iglesias (SU)	\N	Sardinia	Italy	Europe	\N	\N
\N	\N	Alghero (SS)	\N	Sardinia	Italy	Europe	\N	\N
\N	\N	Villagrande Strisaili (NU)	\N	Sardinia	Italy	Europe	\N	\N
\N	\N	Sassari (SS)	\N	Sardinia	Italy	Europe	\N	\N
\N	\N	Tertenia (NU)	\N	Sardinia	Italy	Europe	\N	\N
\N	\N	Buggerru (SU)	\N	Sardinia	Italy	Europe	\N	\N
\N	\N	Bosa (OR)	\N	Sardinia	Italy	Europe	\N	\N
\N	\N	Silius (SU)	\N	Sardinia	Italy	Europe	\N	\N
\N	\N	Lula (NU)	\N	Sardinia	Italy	Europe	\N	\N
\N	\N	Bortigiadas (SS)	\N	Sardinia	Italy	Europe	\N	\N
\N	\N	Narcao (SU)	\N	Sardinia	Italy	Europe	\N	\N
\N	\N	Nuxis (SU)	\N	Sardinia	Italy	Europe	\N	\N
\N	\N	Orroli (SU)	\N	Sardinia	Italy	Europe	\N	\N
\N	\N	Iglesias (SU)	\N	Sardinia	Italy	Europe	\N	\N
\N	\N	Ozieri (SS)	\N	Sardinia	Italy	Europe	\N	\N
\N	\N	Fluminimaggiore (SU)	\N	Sardinia	Italy	Europe	\N	\N
\N	\N	Fluminimaggiore (SU)	\N	Sardinia	Italy	Europe	\N	\N
\N	\N	Armungia (SU)	\N	Sardinia	Italy	Europe	\N	\N
\N	\N	Villaputzu (SU)	\N	Sardinia	Italy	Europe	\N	\N
\N	\N	Iglesias (SU)	\N	Sardinia	Italy	Europe	\N	\N
\N	\N	Sinnai (CA)	\N	Sardinia	Italy	Europe	\N	\N
\N	\N	Donori (SU)	\N	Sardinia	Italy	Europe	\N	\N
\N	\N	Lula (NU)	\N	Sardinia	Italy	Europe	\N	\N
\N	\N	Villaputzu (SU)	\N	Sardinia	Italy	Europe	\N	\N
\N	\N	Ozieri (SS)	\N	Sardinia	Italy	Europe	\N	\N
\N	\N	San Teodoro (SS)	\N	Sardinia	Italy	Europe	\N	\N
\N	\N	Fluminimaggiore (SU)	\N	Sardinia	Italy	Europe	\N	\N
\N	\N	Ozieri (SS)	\N	Sardinia	Italy	Europe	\N	\N
\N	\N	Iglesias (SU)	\N	Sardinia	Italy	Europe	\N	\N
\N	\N	Villacidro (SU)	\N	Sardinia	Italy	Europe	\N	\N
\N	\N	Guspini (SU)	\N	Sardinia	Italy	Europe	\N	\N
\N	\N	Gadoni (NU)	\N	Sardinia	Italy	Europe	\N	\N
\N	\N	Silius (SU)	\N	Sardinia	Italy	Europe	\N	\N
\N	\N	Torpè (NU)	\N	Sardinia	Italy	Europe	\N	\N
\N	\N	Mara (SS)	\N	Sardinia	Italy	Europe	\N	\N
\N	\N	Fluminimaggiore (SU)	\N	Sardinia	Italy	Europe	\N	\N
\N	\N	Fluminimaggiore (SU)	\N	Sardinia	Italy	Europe	\N	\N
\N	\N	Iglesias (SU)	\N	Sardinia	Italy	Europe	\N	\N
\N	\N	Gonnosfanadiga (SU)	\N	Sardinia	Italy	Europe	\N	\N
\N	\N	Iglesias (SU)	\N	Sardinia	Italy	Europe	\N	\N
\N	\N	Iglesias (SU)	\N	Sardinia	Italy	Europe	\N	\N
\N	\N	Fluminimaggiore (SU)	\N	Sardinia	Italy	Europe	\N	\N
\N	\N	Triei (NU)	\N	Sardinia	Italy	Europe	\N	\N
\N	\N	Fluminimaggiore (SU)	\N	Sardinia	Italy	Europe	\N	\N
\N	\N	Domusnovas (SU)	\N	Sardinia	Italy	Europe	\N	\N
\N	\N	Sinnai (CA)	\N	Sardinia	Italy	Europe	\N	\N
\N	\N	Giba (SU)	\N	Sardinia	Italy	Europe	\N	\N
\N	\N	Narcao (SU)	\N	Sardinia	Italy	Europe	\N	\N
\N	\N	Nuxis (SU)	\N	Sardinia	Italy	Europe	\N	\N
\N	\N	Narcao (SU)	\N	Sardinia	Italy	Europe	\N	\N
\N	\N	Montieri (GR)	\N	Tuscany	Italy	Europe	\N	\N
\N	\N	Campiglia Marittima (LI)	\N	Tuscany	Italy	Europe	\N	\N
\N	\N	Campiglia Marittima (LI)	\N	Tuscany	Italy	Europe	\N	\N
\N	\N	Montieri (GR)	\N	Tuscany	Italy	Europe	\N	\N
\N	\N	Montieri (GR)	\N	Tuscany	Italy	Europe	\N	\N
\N	\N	Massa Marittima (GR)	\N	Tuscany	Italy	Europe	\N	\N
\N	\N	Massa Marittima (GR)	\N	Tuscany	Italy	Europe	\N	\N
\.


--
-- Data for Name: mctor_locations; Type: TABLE DATA; Schema: public; Owner: postgres
--

COPY public.mctor_locations (id_location, level_code, level_value, latitude, longitude, zoom_on_map) FROM stdin;
0	\N	*****	1000	1000	\N
1	\N	Acquaresi	1000	1000	\N
2	\N	Masua	1000	1000	\N
3	\N	Calabona	1000	1000	\N
4	\N	Passo di Correboi	1000	1000	\N
5	\N	Argentiera	1000	1000	\N
6	\N	Bau Arenas	1000	1000	\N
7	\N	Malfidano	1000	1000	\N
8	\N	Capo Marrargiu	1000	1000	\N
9	\N	Genna Tres Montis	1000	1000	\N
10	\N	Guzzurra	1000	1000	\N
11	\N	Li Menduli	1000	1000	\N
12	\N	Mont’Ega	1000	1000	\N
13	\N	Monte Tamara	1000	1000	\N
14	\N	Monte Nieddu	1000	1000	\N
15	\N	Nebida	1000	1000	\N
16	\N	Ortu Sanu	1000	1000	\N
17	\N	Perdu Marras	1000	1000	\N
18	\N	Perdas de Fogu	1000	1000	\N
19	\N	Sa Lilla	1000	1000	\N
20	\N	S’Acqua Arrubia	1000	1000	\N
21	\N	San Benedetto	1000	1000	\N
22	\N	Serra S’Illixi	1000	1000	\N
23	\N	S’Ortu Becciu	1000	1000	\N
24	\N	Sos Enattos	1000	1000	\N
25	\N	Su Mulloni	1000	1000	\N
26	\N	Su Elzu	1000	1000	\N
27	\N	Terrapadedda	1000	1000	\N
28	\N	Terras Nieddas	1000	1000	\N
29	\N	Monte Tramentu	1000	1000	\N
30	\N	San Giovanni	1000	1000	\N
31	\N	Monti Mannu	1000	1000	\N
32	\N	Montevecchio	1000	1000	\N
33	\N	Funtana Raminosa	1000	1000	\N
34	\N	Pranu Sanguni	1000	1000	\N
35	\N	Canale Barisone	1000	1000	\N
36	\N	Castello di Bonvehi	1000	1000	\N
37	\N	Perda S’Oliu	1000	1000	\N
38	\N	Su Zurfuru	1000	1000	\N
39	\N	Coremò	1000	1000	\N
40	\N	Fenugu Sibiri	1000	1000	\N
41	\N	Malacalzetta	1000	1000	\N
42	\N	Monteponi	1000	1000	\N
43	\N	Nieddoris	1000	1000	\N
44	\N	Genna Olidone	1000	1000	\N
45	\N	Arenas	1000	1000	\N
46	\N	Sa Duchessa	1000	1000	\N
47	\N	Tuviois	1000	1000	\N
48	\N	Is Luas (?)	1000	1000	\N
49	\N	Rosas	1000	1000	\N
50	\N	Sa Marchesa	1000	1000	\N
51	\N	Trubba Niedda	1000	1000	\N
52	\N	Ballarino	1000	1000	\N
53	\N	Lanzi	1000	1000	\N
54	\N	Temperino	1000	1000	\N
55	\N	Baciolo	1000	1000	\N
56	\N	Campiano	1000	1000	\N
57	\N	Capanne Vecchie	1000	1000	\N
58	\N	La Pesta	1000	1000	\N
\.


--
-- Data for Name: mctor_samples; Type: TABLE DATA; Schema: public; Owner: postgres
--

COPY public.mctor_samples (id_sample, id_location, type) FROM stdin;
0	0	O
1	0	O
2	0	O
3	0	O
4	0	O
5	0	O
6	0	O
7	0	O
8	0	O
9	0	O
10	1	O
11	2	O
12	1	O
13	3	O
14	4	O
15	5	O
16	5	O
17	5	O
18	6	O
19	7	O
20	3	O
21	3	O
22	3	O
23	3	O
24	3	O
25	3	O
26	3	O
27	3	O
28	3	O
29	3	O
30	3	O
31	3	O
32	3	O
33	3	O
34	3	O
35	3	O
36	3	O
37	3	O
38	3	O
39	8	O
40	8	O
41	8	O
42	8	O
43	8	O
44	8	O
45	8	O
46	8	O
47	8	O
48	8	O
49	9	O
50	9	O
51	10	O
52	11	O
53	12	O
54	3	O
55	13	O
56	14	O
57	3	O
58	3	O
59	3	O
60	3	O
61	15	O
62	15	O
63	16	O
64	17	O
65	18	O
66	18	O
67	19	O
68	20	O
69	3	O
70	3	O
71	3	O
72	3	O
73	3	O
74	21	O
75	22	O
76	22	O
77	23	O
78	24	O
79	25	O
80	26	O
81	27	O
82	28	O
83	29	O
84	30	O
85	31	O
86	31	O
87	31	O
88	31	O
89	32	O
90	32	O
91	32	O
92	32	O
93	32	O
94	32	O
95	32	O
96	32	O
97	32	O
98	32	O
99	32	O
100	33	O
101	33	O
102	33	O
103	33	O
104	33	O
105	33	O
106	33	O
107	33	O
108	33	O
109	33	O
110	33	O
111	33	O
112	34	O
113	34	O
114	34	O
115	34	O
116	34	O
117	34	O
118	34	O
119	34	O
120	34	O
121	34	O
122	34	O
123	35	O
124	35	O
125	35	O
126	35	O
127	35	O
128	35	O
129	35	O
130	35	O
131	35	O
132	35	O
133	36	O
134	36	O
135	36	O
136	36	O
137	36	O
138	36	O
139	36	O
140	36	O
141	36	O
142	36	O
143	36	O
144	36	O
145	36	O
146	36	O
147	36	O
148	36	O
149	36	O
150	36	O
151	36	O
152	36	O
153	36	O
154	37	O
155	37	O
156	37	O
157	37	O
158	37	O
159	37	O
160	37	O
161	37	O
162	37	O
163	37	O
164	37	O
165	38	O
166	38	O
167	38	O
168	21	O
169	21	O
170	39	O
171	39	O
172	39	O
173	40	O
174	40	O
175	40	O
176	40	O
177	40	O
178	40	O
179	40	O
180	40	O
181	40	O
182	40	O
183	40	O
184	40	O
185	40	O
186	40	O
187	40	O
188	40	O
189	40	O
190	40	O
191	40	O
192	40	O
193	40	O
194	40	O
195	40	O
196	40	O
197	40	O
198	40	O
199	41	O
200	41	O
201	41	O
202	42	O
203	42	O
204	42	O
205	43	O
206	43	O
207	43	O
208	43	O
209	30	O
210	30	O
211	30	O
212	30	O
213	30	O
214	30	O
215	30	O
216	44	O
217	44	O
218	44	O
219	45	O
220	45	O
221	45	O
222	45	O
223	45	O
224	46	O
225	46	O
226	46	O
227	46	O
228	47	O
229	47	O
230	48	O
231	48	O
232	48	O
233	48	O
234	48	O
235	48	O
236	48	O
237	48	O
238	48	O
239	49	O
240	49	O
241	49	O
242	49	O
243	49	O
244	49	O
245	49	O
246	49	O
247	49	O
248	49	O
249	49	O
250	50	O
251	50	O
252	50	O
253	50	O
254	50	O
255	51	O
256	51	O
257	51	O
258	51	O
259	51	O
260	52	O
261	52	O
262	52	O
263	52	O
264	53	O
265	53	O
266	53	O
267	53	O
268	54	O
269	54	O
270	54	O
271	54	O
272	54	O
273	54	O
274	54	O
275	54	O
276	55	O
277	55	O
278	56	O
279	56	O
280	56	O
281	56	O
282	56	O
283	56	O
284	56	O
285	57	O
286	57	O
287	57	O
288	57	O
289	57	O
290	57	O
291	58	O
292	58	O
293	58	O
294	58	O
295	58	O
296	0	O
297	0	O
298	0	O
\.


--
-- PostgreSQL database dump complete
--

